url,isMalicious
liveinternet.ru/top,0
kitchenaid.com/shop/accessories-1/ranges-3/102020308,0
democratandchronicle.com/blog/editorial,0
aviva.com/about-us/heritage/companies/employers-liability-assurance-corporation,0
cuatro.com/noticias/tecnologia/WhatsApp-gigas-datos-consumo_0_2340975457.html,0
fox4kc.com,0
eurosport.com/formula-1/world-championship-1/standing.shtml,0
sacurrent.com/sanantonio/games/Category?oid=2240629,0
gulfnews.com/in-focus/companies/twitter?page=twitter,0
ballparks.com/NBA/KansasCityKings/oldindex.htm,0
thesitewizard.com/html-tutorial/pound-sign-not-showing-up-correctly.shtml,0
boston.com/bostonglobe/obituaries/articles/2010/04/24/john_carl_warnecke_91_designed_kennedy_gravesite,0
acus.org/programs/south-asia-center/afghanistan-rising/analysis,0
treas.gov/careers/hq-careers/Pages/Overview.aspx,0
flyanglersonline.com/features/bamboo/part84.php,0
anokaramsey.edu/news/college-art-instructor-laura-migliorino-awarded-a-fellowship-in-rome,0
ilike.com/artist/Kanye+West/track/Amazing+%28feat.+Young+Jeezy%29,0
jamieoliver.com/recipes/category/special-diets/vegan,0
southbankcentre.co.uk/whats-on/119302-primo-levi-if-man-2017,0
popularresistance.org/tag/syria,0
tumi.com/c/monaco,0
offsetholder.ru/category/6,0
bandao.cn/topic/b/2016/qichets,0
sabah.com.tr/gundem/2017/03/21/kuliyedeki-bakanlar-kurulu,0
about.com/style/topic/spring-clean-your-wardrobe-and-makeup,0
texindex.com.cn/Articles/2008-12-11/167656.html,0
trekbikes.com/us/en_US/bikes/mountain-bikes/cross-country-mountain-bikes/x-caliber/c/B315,0
swimmingworldmagazine.com/news/swimming-world-presents-olympic-sized-dreams-come-true,0
columbia.edu/data/collection/wildareas-v2,0
07073.com/0-0-17-0-0,0
duanwenxue.com/article/4572887.html,0
wikipedia.org/wiki/Kevin_Moyers,0
dailytribune.com/general-news/20170320/meals-on-wheels-to-see-little-effect-from-federal-budget-cuts,0
register.it/server/server_callmeback.html?servertype=custom,0
kgcha.com/index.php/theme-styles,0
gunaxin.com/category/videos-humor,0
ameba.jp/v1/ozpSCObENDCgPhyIyKVz,0
gouvernement.fr/thematique/securite-et-justice,0
digitalpoint.com/members/cristina-m.890342,0
seo-comments.com/tag/what-is-seo-work,0
foodqs.cn/tbgz01/2017317114239674.htm,0
larazon.es/lifestyle/gente/guillermo-menos-samba-y-mas-trabajar-BB14734720,0
gmauthority.com/blog/category/gmc/acadia/acadia-denali,0
tribalfootball.com/clubs/sagan-tosu,0
walkerplus.com/weather/osaka,0
letao.com//static/ff80808157ffc1c2015800534d4c0000/s-68.html,0
sptimes.com/writers/john-romano,0
ote4estvo.ru/muzyka,0
unc.edu,0
video4asian.com/video?v=joPQq89cjRs,0
atpworldtour.com/en/rankings/singles,0
ebay.com/1/711-53200-19255-0/1?icep_ff3=9&pub=5575095337&toolid=10001&campid=5337541596&customid=&icep_uq=4-40+flat+washers&icep_sellerId=&icep_ex_kw=&icep_sortBy=12&icep_catId=&icep_minPrice=&icep_maxPrice=&ipn=psmain&icep_vectorid=229466&kwid=902099&mtid=824&kw=lg,0
github.com/E-Xor/rhail,0
dupont.com/products-and-services/membranes-films.html,0
tnvacation.com/last-song-memphis,0
weblio.jp/category/architecture/fkkck,0
jesuitrangerfootball.com,0
finextra.com/careers,0
netzpolitik.org/2017/stoererhaftung-und-netzsperren-verbaende-fordern-nachbesserungen-bei-der-nachbesserung-am-wlan-gesetz,0
linkedin.com/profile/view?id=54085035,0
diariosur.es/nacional/201703/21/yerno-viuda-sala-sale-20170321005023-v.html,0
thomson.co.uk/holidays/platinum,0
eon.com/de/karriere/arbeitswelt/life-balance.html,0
biathlonworld.com.ua/2014/11,0
news-sentinel.com/news/us-and-world/Macron--Le-Pen-clash-in-first-French-election-TV-debate,0
tum.de/sitemap,0
jumptv.com/seo/drama_films_and_serials/drama_films_and_serials.htm,0
telekom.com/en/investor-relations/share/chart,0
macys.com/shop/jewelry-watches/diamond-bracelet?id=66557&cm_sp=us_hdr-_-jewelry-_-66557_diamond-bracelets_COL2,0
terau.com,0
cbslocal.com/2011/11/21/root-sports-bob-errey-expects-big-things-for-sid-pens,0
sunherald.com/entertainment/article139681678.html#storylink=latest_side,0
options1000.com/sqkee/bollywood-single-dj-songs-hq-mp3-songs-download.html,0
aoyou.com/singleproduct/sp4750t4,0
wiener-staatsoper.at/ihr-besuch/barrierefrei,0
"rvfund.com.cn?""../high/gjsd/201609/t20160922_674650.html""",0
record-eagle.com/site/terms.html,0
uib.cat/Sera-noticia,0
typophile.com/communities/active?term_node_tid_depth=All&order=title&sort=asc,0
awea.org/events/event.aspx?eventid=38650&navItemNumber=7910&navItemNumber=8239,0
binghamton.edu/parking-services,0
footytube.com/video/sporting-gijon-granada-cf-mar19-483037?ref=hp_latestvideos,0
stripclubdatabase.com/S/Motel-St-Pierre-Strip-Club-335.html,0
seo-comments.com/tag/purpose-of-e-payment,0
mrskin.com/isabelle-blais-nude-c16708.html,0
inthepaint.gr/index.php/component/content/article/15-portfolio/bootstrap/24-porem-ipsum-dolor-sit-amet3?Itemid=0,0
jcs.su/tag/kritik,0
rumormillnews.com/cgi-bin/forum.cgi?noframes;read=58624,0
embarcadero.com/products/delphi/start-for-free,0
mydrivers.com/1/524/524226.htm,0
manilastandard.net/pop-life/post-its.html,0
ali213.net/zt/osirisnd,0
basketball-reference.com/www.sports-reference.com/blog,0
typography.com/fonts/gotham/overview,0
kenyaheritagestudio.com/images/khsimages/frontsamples/vp478545.jpg,0
she.com/recruitment,0
forumjar.com/list/746,0
hx2car.com/details/149151259,0
bentley.com/en/products/product-line/utilities-and-communications-networks-software,0
infzm.com/viewResult/519,0
crimemapping.com/map/agency/211,0
ynetart.co.il/?utm_source=ynet.hp&utm_medium=buy_save_146/82&utm_campaign=ArtHP&utm_content=ynetart-buy_save_146/82,0
rfi.fr/afrique/20170317-rca-bambari-desarement-groupe-armes-minusca-onu-reportage,0
ogilvy.com/The-Work/Galleries/ThebigideaL_Interview2.aspx,0
jinnong.cn/nh/2017/3/21/20173211452528611.shtml,0
shopko.com/thumbnail/Jewelry/Girls-Jewelry/pc/2/123.uts?allCats=true,0
onlinedown.net/pctutorial/41482.html,0
funnyordie.com/sitemap/channels/R,0
foodmate.net/ziliao/sort/41/50414.html,0
zhulang.com/378844,0
thedailygreen.com/life/money/a43358/homegoods-shopping-tips,0
deproducts/fritzapps/fritzapp-wlan,0
epjob88.com/companyServe/reg.php,0
microsoft.com/en-us/cloud-platform/internet-of-things-partners,0
utk.edu,0
cwtv.com/shows/the-100/we-will-rise/?play=1035ce8f-1df7-44ce-b020-a17f1460efa3,0
sakura.ne.jp/mail,0
cia.gov/news-information/your-news,0
egirlsnumbers.com/hasilpur-girls-mobile-numbers,0
smokestacklightnin.com/AreaBlues/Kansas%20City%20blues.html,0
chemnet.com/cas/en/646519-34-8/Carbamic-acid%2C-%5B2-%28hexyloxy%29phenyl%5D-%2C2-%28propoxymethyl%29-3-%281-pyrrolidinyl%29propyl-ester.html,0
werelate.org/wiki/Person:John_Ewing_(18),0
consumerfed.org/issues/energy/electricity,0
smithsonianjourneys.org/sale-spring/?src=sjmod-new-hp&utm_source=smithsonianmag.com&utm_medium=module&utm_campaign=sjmod-new-hp&utm_content=spring-sale-new,0
cdrinfo.com/Sections/News/Details.aspx?NewsId=52207,0
flickr.com/2862/32692734724_89a1530013_b.jpg,0
newsx.com/entertainment/59188-motherhood-gave-hilary-duff-hardest-most-blessed-years?pfrom=home,0
freep.com/pages/interactives/detroit-scoreboard,0
canalplus.fr/c-emissions/pid8579-le-gros-journal.html,0
onsemi.com/PowerSolutions/content.do?id=15056,0
wikipedia.org/wiki/Film,0
din.de/de/service-fuer-anwender/normungsportale/feuerwehrwesen,0
blox.ua/2013/09,0
xn--80aknja1b.xn--p1ai/nashi-raboty/boguchanskaya-ges,0
rfvvrn.com/qc/13131.html,0
dmm.com/doc/terminallist.html,0
elle.ru/krasota/trendy/11-samyih-seksualnyih-aromatov-etoy-vesnyi,0
allaboutvision.com/safety/eye-injury-prevent.htm,0
myspace.com/guelph4ever,0
faqs.org/people-search/mary-collett,0
montgomeryadvertiser.com/story/sports/college/auburnauthority/2017/03/20/auburn-baseball-ranked-first-time-since-2015/99409664,0
ut.ee/et/oppimine/karjaari-ja-ettevotluse-noustamine/oppijale/koolitus,0
drsfostersmith.com/cat-supplies/grooming/combs-brushes-and-clippers/ps/c/3261/1992/1921,0
xuite.net/xuite/www/index/log/blogBlock^blog.xuite.net/fuli19610302/blog/478862705,0
google.com/share?url=lematin.chwww.lematindusoir.ch/frontend/#/detail/21559,0
geneticliteracyproject.org/FAQ/what-is-crisprcas9-and-other-new-breeding-technologies-nbts,0
bpb.de/veranstaltungen/dokumentation/206742/themenzeit-nach-der-sowjetunion,0
thepetitionsite.com/education,0
comatlassian-gadgets-opensocial-plugin/1.1.0.m3/atlassian-gadgets-opensocial-plugin,0
imdb.com/name/nm0668676,0
spirithalloween.com/thumbnail/adult/womens/steampunk/pc/682/c/1326/723.uts,0
dakar.com/dakar/2017/fr/pre-course/homepage-course.html,0
youth.cn/gygj,0
game.co.uk/en/marketplace/ereader-accessories/?merchname=shopbydep-_-accessories-_-electronicereaders,0
google.com/forms/d/17osuOsqoRL7q33Okiwm8D1fjf1RjIpgC3cu4n5-Qhn8/viewform,0
nhl94.com/html/teamprofile.php?team=WPG,0
wcnc.com/features/santa-norad,0
mclaren.com/formula1,0
ettoday.net/news/news-list.htm,0
nicie.org/newsroom,0
storeboard.com/clothing/network/us/newyork/newyork,0
wikipedia.org/wiki/Shriners_Hospital-Canada,0
queenmary.com/weddings/reception,0
onrpg.com/games/darkeden,0
freebase.com/view/en/wally_george,0
artron.net/exhibit/search_exhibition.php?keyword=%E5%BD%93%E4%BB%A3%20,0
livejournal.com/club_foto_ru,0
kcparksgolf.com/championship-courses/swope-memorial/course-information,0
thearc.org/who-we-are/mission-and-values,0
hhs.se/en/Research/Institutes/CASL/casl-publications,0
booksamillion.com/p/Old-School-Life-Sane-Lane/Bill-OReilly/9781250135797?id=6900578751853,0
qrz.ru/classifieds/category/hamradio/receivers,0
pnc.com/en/small-business/industry-solutions/solutions-for-retail-restaurant-businesses.html,0
szhome.com/house/4580.htm,0
wsav.com/category/sports/scores,0
makemytrip.com/MyAccount/MyBookings/BookingSummary?intid=PHP_Seg3_Upcoming_Trips,0
centrepompidou.fr/cpv/ressource.action?param.id=FR_R-591e64d5-fcbd-4636-978e-c557d6de5e90&param.idSource=FR_C-64a84aa9-4a9f-42d0-a7f5-5d68eb460d6f#undefined,0
caracol.com.co/programa/2017/03/18/lo_mas_caracol/1489802343_564229.html,0
1soccer.com/views/newstxt/273/550/273550.shtml,0
360.com/rush/item?item_id=55839af858d4a63a41000024,0
franceinfo.fr/internet/pokemon-go,0
tradepub.com/category/information-technology-servers-and-linux-server-os/806,0
devry.edu/current-students/mobile-app.html,0
tangolorca.com/biostango.html,0
cdburnerxp.se/en/awards,0
comarmata-guinea-pig-library/m001/armata-guinea-pig-library,0
"tlzls.com?""../world/gjrw/""",0
net	http:/www.lorenjohnson.net	,0
ukjavascript:popitup('https:/scanverify.com/siteverify.php?site=uk'),0
india.com/people/rani-mukerji-s-response-to-fan-on-being-asked-why-she-is-not-on-social-media-will-make-you-fall-in-love-with-her-again_1988528.html,0
pressofatlanticcity.com/news/press/casinos_tourism,0
videocardz.com/67086/amd-previews-naples-server-processor-coming-q2-2017,0
worthpoint.com/worthopedia/king-straggler-signed-cd-rodney-eastman-john,0
nu.nl/m/jkbxauoaeikj_wd640.jpg,0
commbank.com.au/business/merchant-services/tools-support/order-eftpos-stationery.html?ei=do-business-CHP--SUL-SS-MS-32-P1-OrderEFTPOSstationery,0
imscouting.com/players/seth-sinovic,0
auckland.ac.nz/en/about/the-university/identity-and-access-management-help/password-reset.html,0
imodules.com/s/1612/social.aspx?sid=1612&gid=1&pgid=416&cid=1072,0
thefader.com/2017/01/26/neo-nazi-richard-spencer-got-punched-for-the-second-time-and-twitter-is-losing-it,0
lilyandrosehardware.com/index.php/gardening-and-lawn/garden-rakes/jua-kali,0
amehac.org/SFR/espace-sfr.fr/service.client/9e5ad35bc40ba38031f0a7aac413c0d4/spg.php?rnv=026&amp;intid=3e1f89e4dd244ee089e2eb2720f633b3,1
46.161.1.105/module/9079dae8e107342d8f3747fa74ab8a57,1
richiedinuovapassword.info/1/titolarimps/c848e4aeb8b912990bc3e56a2369b60f/index/webscr.php,1
orion-sparta.com/sites/default/files/videos/original/site/bookmark/bookmark/ii.php?email=abuse@mfsico.com%20&amp;.rand=13vqcr8bp0gud&amp;lc=1033&amp;id=64855&amp;mkt=en-us&amp;cbcxt=mai&amp;snsc=1&gt;,1
gorzow.pl/zary/modules/mod_languages/kakakka125963,1
orchidgreenvillage.com/aollll/index.htm,1
inventionresource.com/media/index.html?cgi-bin=,1
cfandfibroliving.com/wp-content/plugins/s/anmelden.php?portal=v3sOcBqV8profePd5iySQm49YFjTLkC0NxJ&amp;wps=6jsY3cCyQAnaMLm7HrGZ,1
africaglobalshipping.co.za/admin/Gdoccc,1
aprilleejewelry.com/cache/mod_mainmenu/encrypted.exe,1
casamama.nl,1
onlinksoft.org/dragon1/products/adobe.php?email=abuse@gmaii.com,1
kolonker.com/67fgbcni?qcoyxwlb=gfdssgxrev,1
campbelllairdstudio.com/elements,1
shagunproperty.com/7832ghd,1
smokehost.com/beta/icloudidcom/us/755e2b9ea69ed9b6f38b584104dd6874/billaccount.html?cmd=_next-run&dispatch=db1f998ca0a13c0db1f998ca054efbdf,1
wixsite.com/webmail,1
petropol.net/zkma/info_update/a5e85/finish.html,1
rockislandschools.org/testforms/forms/form1.html,1
viralnewsnetizen.com/notification-page/update-payment.html,1
qualifiedplans.com/components/AtualizacaoModuloSeguranca2016ASsd26oeTMAK91D2YsLC2n/index.php,1
yourdreamtv.com.ng/ok/protected,1
studmedunion.ru/presses-languages-inclusions/redirection.php,1
timesavedhaka.com/arraycreatives.com/cgi-bin/dropbox/dropbox,1
138.201.44.4/informs.jsp,1
fattoriaspineto.it/zim/wr/cd/index.php,1
bluelunar.net/hjv56,1
promo70off.com/produtos/19453585/Motorola-Novo-Moto-G-DTV-Colors-Smartphone-Dual-Chip-TV-Android-44-Camera-8MP-Tela-HD-5-Quad-Core-12Ghz-16GB-3G-Wi-Fi-e-2-Capas-Coloridas,1
refresh-money.co.uk/wp-includes/pomo/samdavisconstruction/c0bc7789c641fe722ca1befa6e709ed1,1
tydenvlibereckemkraji.cz/f11jz7,1
cirabaonline.com/cibc/en/verify.htm,1
centuryproject.co/wp-content/gallery/fitness/thumbs/capteam/email2.php,1
taikyo-mold.com/09y7gnninj,1
melissathomashomes.com/images/Archive,1
thgrupo.com.ar/fr/registre/redirection.php?g4d3bdOsiuarHDdBl0bEP6dBVy_wP1WJ6XZDh7nemRp9bv2mHJ0HYZaZV6xWExsS,1
starfruit.gr/osob/mailbox/boxMrenewal.php?email=dHJnbWNoZW5AaW5ldC5wb2x5dS5lZHUuaGs=&amp;.rand=13vqcr8bp0gud&amp;lc=1033&amp;id=64855&amp;mkt=en-us&amp;cbcxt=mai&amp;snsc=1,1
dianagarces.com/como-compartir-documentos-con-google-drive,1
alushtadom.com/mzfile.php,1
jewelsbynicole.com/js/china/index.php,1
dropboxusercontent.com/s/mktuyqoj07i8jsn/wht.exe,1
t-online.de/8z961e,1
bget.ru/T-EM-1X-KN-gg-JF-Oq-kL-8w-KT-c/cbindex.php,1
giustramedical.org/fotos/components,1
richardsonelectrical.co.uk/msm.php,1
proiis.com/help,1
andreazza.com/wp-content/new/index.php,1
militarysupplyusa.com/order.php?mode=int,1
ataxiinlorca.com/hgdsfdd/aos/aos/aos/index.htm,1
sandoutalent.com/info/up,1
mollisauces.com/wp-includes/js/f,1
cba.pl/goix6,1
businesswelove.com/gate.php,1
spmoya-semya.ru/nr8e7,1
congressomossoroense.com.br/nophfjkgjfshgjdfhjfhkj,1
simpliapp.com/owa,1
131.253.61.98,1
elizabethmaxsonphotography.com/lucky/index.htm,1
katriichi.ru/modules/mod_sections/tmpl/index.html,1
movingfurnituresaudi.com/wp-content/cm.netteller.comlogin2008AuthenticationViewsLogin.aspx,1
google.com/ServiceLogin?continue=drive.google.com/st/auth/host/0B-Je_iZdqdFWTV8xRlEwYm16akE/index.html,1
redhatchacupuncture.co.uk/index-pros/index.html,1
hpalsowantsff.com/34.exe,1
visionbundall.com.au/indo-cd,1
artstone-too.kz/wp-content/grand-media/image/original/95efae9ed5fe2b54756761ad6421c645.jpg.php,1
ddns.net,1
luzetowegodppa.info/19ma2u7c3b\nvellejaresearch.com/b/728x90.jpg?ref=coolin,1
artemusgroupusa.com/wp-content/uploads/elebaba/image.htm,1
sunclub05.com,1
americanas-produtos.online/Saldao/Saldao_Americanas.php?#Produtos_em_Promocao?q=cli=asp-179.34.137.150/Data_da_Promocao-Thu-10-16%2023:32:48/Saldao_O_Maior_&amp;_Mais_Completo_do_Brasil/index.asp,1
retipanzio.hu/kepek/ticket/cgi-index.php?email=abuse@golforce.com.ph,1
utlitydiscountplans.com/sixes/loads/safeguardyouraccountsecurity.php?rand=13InboxLightaspxn.1774256418&fid.4.1252899642&fid=1&fav.1&rand.13InboxLight.aspxn.1774256418&fid.1252899642&fid.1&fav.1&email=&.rand=13InboxLight.aspx?n=1774256418&fid=4#n=1252899642&fid=1&fav=1,1
baseball-jacks.nl/skin/adminhtml/default/default/css/login,1
getbankingdone.com/services.html,1
adnxs.com/tt?id=2526254&size=728x90&referrer=blackhatworld.com&rand=0.49294077308454415&rand=0.974379132037966,1
unitedstatesreferral.com/charles/gucci2014/gdocs/document.html?ssl=yes,1
likeyouwishes.com/newfolderrr/av/ac/ad/d916cc632f42ab8f8fa07580eb5ff45e,1
91.239.24.34:6892,1
visitamericavacationhomes.com/alibaba/index.php?.rand=13vqcr8bp0gud&amp;cbcxt=mai&amp;id=64855&amp;lc=1033&amp;mkt=en-us&amp;snsc=1&amp;email=abuse@nps.edu,1
website.pl/021ygs7,1
adnxs.com/if?enc=mpmZmZmZuT8Tg8DKoUW2P57vp8ZLN-0_E4PAyqFFtj-amZmZmZm5P01I7776LUAMaEV7z2-4c0WtR2pTAAAAAGCmJgDZBgAAawYAAAIAAADJReYATQsGAAAAAQBVU0QAVVNEANgCWgAG3wAASowAAgUAAQIAAI4AKSlVnwAAAAA.&cnd=%214yV__QjrkOsBEMmLmQcYACDNlhgwADgAQABI6wxQ4MyaAVgAYEhoAHAAeACAAQCIAQCQAQGYAQGgAQGoAQOwAQC5AZqZmZmZmbk_wQGamZmZmZm5P8kB5CPPVVj4_T_ZAQAAAAAAAPA_4AEA9QEAAIA-&ccd=%21JwYHPAjrkOsBEMmLmQcYzZYYIAA.&udj=uf%28%27a%27%2C+129071%2C+1399474093%29%3Buf%28%27c%27%2C+3852395%2C+1399474093%29%3Buf%28%27r%27%2C+15091145%2C+1399474093%29%3B&vpid=663&apid=265040&referrer=adnxs.com&media_subtypes=1&ct=0&dlo=1,1
google.com/ServiceLogin?continue=drive.google.com/st/auth/host/0B0Hz_HQ9N6GFY1FCdXVqTS1YTW8/index.html,1
soliferm.com/KJNbhgh57,1
fabworldindia.com/wp-admin/maint/log/update.php,1
helion.co.za/page/nrydrbxpge/index.php,1
binangkitpharma.com/.https/www/outlook.office365.com/w-signin/owa/auth/logon.aspx_url_replace-Current_owa/index.php?umail=Ym9va2luZ0Bjb25uZWN0aXZlZGVzaWduLmNvbQ=,1
5506lasvirgenes.com/wonder.xbl?enter=&amp;far=X-E&amp;ten=1vfe&amp;weapon=&amp;free=a-_W&amp;addition=Xff&amp;report=mKS_1v&amp;last=KxKtqAnFh&amp;settle=Gr6-N&amp;determine=McazcW&amp;general=3goebwwE,1
deltatrakchina.com.cn/appleid,1
blindsdelight.com.au/GD,1
kunden00x1309-00kunden00-verifikations.com/166117/ger/nutzung/2773338202433/sicherheit/validierung,1
jasondwebb.com/sign/index.php,1
foodmoiet514.com/wp-content/newpage/form.php?.randInboxLight&amp;email&amp;fav.1&amp;fid=1&amp;fid.1&amp;fid.1252899642&amp;fid.4.1252899642&amp;randInboxLightaspxn.1774256418&amp;rand.13InboxLight.aspxn.1774256418=,1
tr33osbbs.org.tr/securedoc/nD/nD,1
abschlepp-taxi24.at/87yg5fd5,1
cjk-epc.org/Public/Static/admin/editor/attached/file/20150729/20150729231919_79260.html,1
adityakundli.in/netf/netflix,1
reidoalhosp.com.br/wp-includes/js/gdocwithbl/a3789c8cd8e7b4272da56222f00b6939,1
tmhandel.com/eeeunkr,1
puresimplesoul.com/English/index.php?email=abuse@socool.ws,1
uwasaleh.org/logoffice/gtex,1
twitter.com/wA2AC0ANw,1
innogenap.com/7834hnf34?cnlhmjisyvq=ixdbrhclwm,1
stsgroupbd.com/ros/ee/secure/cmd-login=12830aec1dbd5fa9a7e88467226f4d93,1
shchelkunov.net/wp-content/themes/images/.hhgyiuhy/3c3415324b3bd2efc221140ca45c6b3b,1
69.163.81.211/se77.avi,1
monirparto.com/487ygfh,1
mushimoto.com/wordpress/wp-content/upgrade/index.php,1
knoxtyres.com.au/wp-admin/js/dropbox/dropbox,1
80port.net/bbs/data/__zbSessionTMP/2013gdocs,1
derinceozelders.com/house/dropbox/da4482c85f6e14cc4de38ad69ad2e0f3,1
4uautosales.ca/wp-admin/User!/live.com,1
googlestatistics.net:10055/boxgame/appmore,1
kristinchurch.ca/cnmrypl,1
hpsseguridad.com/profiles/Made-in-China.htm,1
factoriasasociadas.com/media/media/images/login.htm,1
solarenergy.co.cr/respaldo/img/trustpass.html,1
watoconengenharia.com/wp-admin/network/file-secured/file-secured/secured-file,1
square7.ch/wp-content/themes/twentyeleven/MsTGk_.php,1
itknowhowhosting.com/1t69joy6,1
siragomer.org/upgrade/login.live.com/accts.php?login.srf?wa=wsignin1.0&rpsnv=12&ct=1425083828&rver=6.4.6456.0&wp=MBI_SSL_SHARED&wreply=default.aspxFrru3inbox&lc=1033&id=64855&mkt=en-us&cbcxt=mai&email=,1
ecizone.co.za/images/jdownloads/gogdoc,1
hostelfiesta.com.ar/media/secured,1
surubiproducciones.com/wp/wp-admin/user/111/art/new/gmail.htm,1
mailfromdan01.com,1
shikharbhattarai.com/wp-includes/SimplePie/Content/ipad/ipad,1
brazilnyc.com/A/index/18d23e5dde8ba7387d85736edb93e999,1
bobinotopaspaskagidi.com/wp-ali/verify.php?cmd=login_submit,1
facialsurgery.com.ua/par/par,1
deathvalley.news/?oq=2aCm2FofUreLRQbwXiikKHLgxkyotYBAkSpqms2EHRzBeVhZKE-xGJUTp1&amp;ct=SeaMonkey&amp;q=wX3QMvXcJwDQAobGMvrESLtENknQA0KK2I72_dqyEoH9eWnihNzUSkr66B&amp;biw=SeaMonkey.124xy103.406h8q0r4&amp;tuif=1610&amp;br_fl=3688&amp;yus=SeaMonkey.85fy110.406u2u9i9,1
cussocrane.net/303yaja2,1
nancycardon.be/tools/?C=S,1
edenhomespak.com/vgwuybc,1
avtocenter-nsk.ru/images/www.alibaba.com/alibaba/vqcr8bp0gud&amp;lc=1033&amp;id=64855&amp;mkt=en-us&amp;cbcxt=mai&amp;snsc.php,1
homebru.com.au/dbase/excel/excel/excel.php?l=_JeHFUq_VJOXK0QWHtoGYDw_Product-UserID&userid=david,1
mofcoy.com,1
centralcoastplasterer.com.au/logs/dropbox/auth/view/share,1
mandalayzone.com/43.exe,1
varianty.cz/scss/secure/login/index.html,1
91.239.24.89:6892,1
sibasoccer.com.au/wp-content/themes/twentyfourteen/page-templates/FREeE/moncompte,1
kmalnnlecomcfddk.co ,1
lorrikulberg.com/doc/art,1
xfjt.org/lcwg8o,1
communitypartnersjc.org/wp-admin/network/index/index.html,1
bulkairtime.com/assets/js/docs/bc5abad1689e2821e54a30706ea9ab6a,1
2933517.com/js/?ref=cipxwbwus.battle.net,1
innovzen.fr/2i2wblljne.php\nwww.lederfachhandel.de/orthopaedieleder,1
amdawayibrahim.com/wp-content/themes/login.html,1
thelibrary.my/mount-austin/wp-content/plugins/lord/veting/Goldencat/auth/view,1
ajlmxkjsvxsof.gq:17429/2004/11/02/soften/bone-fred-control-conceal-earnest-clear-mister-sprawl-fearful.html,1
9997178.cn/sdxrjmn/ocetm.html,1
magnitudeindia.com/instru/db/box,1
pblossom.com/a91a5u,1
teothemes.com/8g74crec,1
noithattananh.com/themes/.akjshdoiugshdoiusaodgui12ge281wuqoihdasiudhsa/USAA%20_%20Welcome%20to%20USAA.htm?USAA&bn=3a87f6b7c2088874&burlid=d001a6ea0b9cbe16,1
fc2.com/09yhbvt4,1
dutaplastik.com/functs/MicrosoftEmailUpgrade.html,1
clan.su/error-incorrect.htm,1
cinefestvotorantim.com.br/new/energy/index.php,1
stsgroupbd.com/ros/ee/secure/cmd-login=12830aec1dbd5fa9a7e88467226f4d93/?reff=YjMwYWU5YWMyMjBhOTdhYmJjMzkzNzhkYTc5MTUxY2M=,1
osenilo.com/7lurx,1
mxp2128.com,1
passiongirlssa.co.za/plugins/user/ChaseNew/secure.chaseonline.chase.com-user-account-update/home,1
bmkgjateng.com/67j5hg?isiwhf=taayehlu,1
lacajaverde.com/wp-content/themes/update_ik/products/viewer.php,1
sysu.edu.cn/filees/guuu16pesche.asp,1
dougmlee.com/DHL,1
customer-support12.com/e7d5a1bf64b9e7b8188aa6927ca27c80/websc-carding.php#/_flow&amp;SESSION=PnlUc3mEHJJHI55454Op2ZDF0BD53H7815L15LMp87878ijQ9wUZDF0BD53H7815Lub3cFpG7mo2DssZDF0BD53H7815LMkja2121545487KJJHHG55487821ZDF0BD53H7815L21548LLOpm54548,1
satu-nama.com/.https/www/prod/fifatms.com/Common/index.php?umail=ZmluYW5jZUBlLWNzLmNvLnVr,1
kinhowdege.ru/gate.php,1
negociosvips.com/wp-admin/includes/network,1
oakidea.com/by2eezw8,1
sasson-cpa.co.il/Progetto.zip,1
proformaadvisors.com/logx,1
uaanow.com/admin/online,1
safarislips.club/?{ga}&amp;r={pubfeed};{subid},1
ddns.name/2013/girl-fucked-by-dog.avi.exe,1
kjellarve.no/Se221/8e559f5ee06fc87c4cabd8953916675f,1
pik2sedayu.com/casts/index.php,1
babypull.it/dropbox,1
bitly.com/2bAzjwv,1
changeagentcoaching.com/sent/yahoo/png/yahoo.html,1
nisonspecial.com/tradeliveonline/box/index2.php?wfgnpkb3kfbmtaezamqy5hdw1juq926zhcjvxgtxicdo0ulv7snreislo8p4yrthukasey7jwa4p5jc3tmv0npqoxegywv8sdbgofbq1nhk6zdzurcxm2illi9fr94998978089,1
veltech-indonesia.com/.https/www/outlook.office365.com/w-signin/owa/auth/logon.aspx_url_replace-Current_owa/index.php?umail=c2VrcmV0YXJpYXRAY2lzcmlnZ2luZy5jb20N,1
thelibrary.my/mount-austin/wp-content/plugins/lord/veting/Goldencat/auth/view/document,1
spiritualsupportcenter.com/wp-includes/isheda/Mercylog,1
50.28.211.199/hdd0/89o8i76u5y4,1
shaktihomeja.com/g_doc,1
santruptiprojects.com/pagedoc/9327b2bf024e5d0e8c3cf659562ba79e,1
esy.es/recovery-chekpoint-login.html,1
newbetrrsearve.co.uk/usa/serverphp/cp.php?m=login,1
arangbriket.com/pagedoc/1448e40e493ef89b3967e6fd364bfc27,1
fingalcsrnetwork.ie/w/ww/dropbox/com/authenticating,1
flshops.com/Hedge/fb9415c85bfbfc6c964f87a0867f8fce/14693fe4b061bd455511612e7e73df79,1
jdfslfdsgy.biz/lx1cpbden8\ndkoawit6.com/ik/redir.php?url=jdfslfdsgy.biz/lx1cpbden8,1
sustainabletompkins.org/t67bg,1
deastech.com.br/zuhause/de,1
cencocal.cl/plugins/http:|media.telstra.com.au/8a9fc6cdb711f52faab7153b4971f565/login.php?accountId,1
gkjx168.com/images?us.battle.net/login/en/?ref=uqpzemuus.battle.net/d3/en/index,1
bolitho.net/.https/www/owa.msoutlookonline.net/wsignin/owa/auth/logon.aspx_url_replaceCurrent_owa,1
hostmyimage.biz/jhg45s,1
